centre,mid_mass_n,dr2_timing_l1,dr2_timing_l1_lo,dr2_timing_l1_hi,dr2_timing_l1gas,dr2_timing_l1gas_lo,dr2_timing_l1gas_hi,attenuation,attenuation_lo,attenuation_hi
9.55–10.55,3341,0.1482638225081413,0.12464839831238454,0.17221911595533795,0.07972160780540821,0.061412523154164816,0.09598710654135025,0.46229898530350766,0.41145888734289904,0.5221111137851164
