{
  "env": {
    "env_log_nsubs": {
      "importance": 0.01634305371734338,
      "ci_lo": 0.0024015296871007564,
      "ci_hi": 0.031703549543945206
    },
    "env_log_mhalo": {
      "importance": 1.4465052690804808e-18,
      "ci_lo": -6.724221873755099e-17,
      "ci_hi": 8.913226060003331e-17
    },
    "env_log_rho_local": {
      "importance": 0.0,
      "ci_lo": 0.0,
      "ci_hi": 0.0
    },
    "env_log_n5mpc": {
      "importance": -3.558084530692511e-05,
      "ci_lo": -0.005004939414466559,
      "ci_hi": 0.0047485864317052765
    }
  },
  "internal": {
    "int_log_mstar": {
      "importance": 0.017202784169054044,
      "ci_lo": 0.004002109356921589,
      "ci_hi": 0.03182812992725414
    },
    "int_log_ssfr": {
      "importance": 0.005051259157850548,
      "ci_lo": -0.0038449982349608794,
      "ci_hi": 0.016581648917354773
    },
    "int_log_sfr": {
      "importance": 0.0037727057830441346,
      "ci_lo": -0.004605039901759756,
      "ci_hi": 0.015835087253664344
    },
    "int_log_rstar": {
      "importance": 0.0034238017328841993,
      "ci_lo": -0.0029941218695763924,
      "ci_hi": 0.013784820024248466
    },
    "int_metallicity": {
      "importance": 0.00018589692851330675,
      "ci_lo": -0.0046100392411192155,
      "ci_hi": 0.005064142518423187
    },
    "int_log_mgas": {
      "importance": -0.00025496285689093534,
      "ci_lo": -0.0063318238946549225,
      "ci_hi": 0.004624433070932979
    }
  },
  "halo": {
    "halo_fstar": {
      "importance": 0.027382458066401362,
      "ci_lo": 0.01215406051227487,
      "ci_hi": 0.04531320869868674
    },
    "halo_log_spin": {
      "importance": 0.01681283200117246,
      "ci_lo": 0.003314777737279113,
      "ci_hi": 0.031792459582236775
    },
    "halo_vmax": {
      "importance": 0.0018945113496817276,
      "ci_lo": -0.0031376620390113595,
      "ci_hi": 0.009605706529202743
    },
    "halo_log_msub": {
      "importance": -1.1587952819525072e-18,
      "ci_lo": -1.1102230246251565e-16,
      "ci_hi": 1.1102230246251565e-16
    },
    "halo_veldisp": {
      "importance": -0.00032637687019431826,
      "ci_lo": -0.007013049711775008,
      "ci_hi": 0.007610979132690934
    }
  }
}