{
  "env": {
    "env_log_nsubs": {
      "importance": 0.022803483182426004,
      "ci_lo": 0.008667885631906016,
      "ci_hi": 0.04123926416833835
    },
    "env_log_rho_local": {
      "importance": 0.0,
      "ci_lo": 0.0,
      "ci_hi": 0.0
    },
    "env_log_mhalo": {
      "importance": -1.0020196478111033e-18,
      "ci_lo": -8.938162709970498e-17,
      "ci_hi": 8.869857973103911e-17
    },
    "env_log_n5mpc": {
      "importance": -5.637719910264338e-05,
      "ci_lo": -0.0048784384564715365,
      "ci_hi": 0.004804993125289234
    }
  },
  "internal": {
    "int_log_mgas": {
      "importance": 0.007527936942931282,
      "ci_lo": -0.00038941358052771403,
      "ci_hi": 0.018405050820877726
    },
    "int_log_rstar": {
      "importance": 0.002863513964086627,
      "ci_lo": -0.002372816811354491,
      "ci_hi": 0.009183958643978595
    },
    "int_log_mstar": {
      "importance": 0.0024196890777670233,
      "ci_lo": -0.0030729624970762892,
      "ci_hi": 0.0095868591658884
    },
    "int_metallicity": {
      "importance": 0.001127774616415875,
      "ci_lo": -0.0032645081165829128,
      "ci_hi": 0.007318030220310216
    },
    "int_log_sfr": {
      "importance": 0.00041574084109745823,
      "ci_lo": -0.003969861889696488,
      "ci_hi": 0.005170450249721145
    },
    "int_log_ssfr": {
      "importance": 0.0002163517377698989,
      "ci_lo": -0.0032610657725559403,
      "ci_hi": 0.003980007341243355
    }
  },
  "halo": {
    "halo_fstar": {
      "importance": 0.032905222986091234,
      "ci_lo": 0.016783860095848882,
      "ci_hi": 0.0520340489186912
    },
    "halo_log_spin": {
      "importance": 0.01536297868841174,
      "ci_lo": 0.00420363891211818,
      "ci_hi": 0.028978923223357465
    },
    "halo_veldisp": {
      "importance": 0.0007620037772731742,
      "ci_lo": -0.00366292015457313,
      "ci_hi": 0.006056994492564108
    },
    "halo_log_msub": {
      "importance": -2.2343238370581276e-18,
      "ci_lo": -1.0443035325380377e-16,
      "ci_hi": 1.1102230246251565e-16
    },
    "halo_vmax": {
      "importance": -6.66631464245423e-05,
      "ci_lo": -0.004129273642258066,
      "ci_hi": 0.004598779432088713
    }
  }
}