{
  "delta_logmstar": {
    "env": {
      "r2_orig": 0.08300576984852162,
      "r2_resid": 0.0220962590912271,
      "r2_resid_lo": 0.011783730360536204,
      "r2_resid_hi": 0.03293100409524965,
      "retention": 0.26620148372276853,
      "r2_geom": 0.1849471867271941,
      "r2_geom_lo": 0.15803950532029695,
      "r2_geom_hi": 0.21600094583519083,
      "r2_geom_plus": 0.20891007339197193,
      "r2_marg": 0.023962886664777833,
      "r2_marg_lo": -0.0218456123791245,
      "r2_marg_hi": 0.06407275802370394,
      "n": 3425
    },
    "halo": {
      "r2_orig": 0.23489660536968823,
      "r2_resid": 0.07982289412951349,
      "r2_resid_lo": 0.06407398884987969,
      "r2_resid_hi": 0.10145919982737538,
      "retention": 0.33982140356556245,
      "r2_geom": 0.1849471867271941,
      "r2_geom_lo": 0.1569947885434585,
      "r2_geom_hi": 0.21516410378160625,
      "r2_geom_plus": 0.26757165072963496,
      "r2_marg": 0.08262446400244086,
      "r2_marg_lo": 0.03832680686242943,
      "r2_marg_hi": 0.1276623335655648,
      "n": 3425
    },
    "internal": {
      "r2_orig": 0.3075453499486006,
      "r2_resid": 0.13146269931670881,
      "r2_resid_lo": 0.11244704718494306,
      "r2_resid_hi": 0.1568690589408997,
      "retention": 0.42745793210230587,
      "r2_geom": 0.1849471867271941,
      "r2_geom_lo": 0.157914767482949,
      "r2_geom_hi": 0.21223036625779573,
      "r2_geom_plus": 0.3204083520488022,
      "r2_marg": 0.1354611653216081,
      "r2_marg_lo": 0.09537575276811705,
      "r2_marg_hi": 0.18418874575758798,
      "n": 3425
    }
  },
  "delta_log_msub": {
    "env": {
      "r2_orig": 0.0019620917374126856,
      "r2_resid": -0.0017819288276348822,
      "r2_resid_lo": -0.0057970419625603745,
      "r2_resid_hi": 0.0011478561826666327,
      "retention": -0.9081781415504173,
      "r2_geom": 0.021297245006005605,
      "r2_geom_lo": 0.011833824176050882,
      "r2_geom_hi": 0.04191713238690423,
      "r2_geom_plus": 0.020652553309432387,
      "r2_marg": -0.0006446916965732186,
      "r2_marg_lo": -0.022202735765174272,
      "r2_marg_hi": 0.020721720355511394,
      "n": 3425
    },
    "halo": {
      "r2_orig": 0.012562341005522403,
      "r2_resid": 0.007275597296237546,
      "r2_resid_lo": -0.00030383577247792393,
      "r2_resid_hi": 0.01762521189735918,
      "retention": 0.579159353582202,
      "r2_geom": 0.021297245006005605,
      "r2_geom_lo": 0.012543694373341647,
      "r2_geom_hi": 0.042127536578461036,
      "r2_geom_plus": 0.0296046911288403,
      "r2_marg": 0.008307446122834693,
      "r2_marg_lo": -0.013569510327168216,
      "r2_marg_hi": 0.03077596856375212,
      "n": 3425
    },
    "internal": {
      "r2_orig": 0.012116362901868794,
      "r2_resid": 0.010089695369659202,
      "r2_resid_lo": 0.0009503848556160967,
      "r2_resid_hi": 0.019204147259075606,
      "retention": 0.8327330116616923,
      "r2_geom": 0.021297245006005605,
      "r2_geom_lo": 0.012371583106272274,
      "r2_geom_hi": 0.04103405975965732,
      "r2_geom_plus": 0.032383271276413536,
      "r2_marg": 0.011086026270407931,
      "r2_marg_lo": -0.011676886221247722,
      "r2_marg_hi": 0.03350886136347079,
      "n": 3425
    }
  },
  "quenched_z0": {
    "env": {
      "auc_orig": 0.7911236415068761,
      "auc_resid": 0.7534568041862594,
      "auc_resid_lo": 0.7375397826187983,
      "auc_resid_hi": 0.7710900699964202,
      "retention": 0.8706156699412987,
      "auc_geom": 0.8088223872590735,
      "auc_geom_lo": 0.7936845954556332,
      "auc_geom_hi": 0.8253196917500275,
      "auc_geom_plus": 0.8084168525595107,
      "auc_marg": -0.0004055346995628373,
      "auc_marg_lo": -0.02065500793653336,
      "auc_marg_hi": 0.024173417613184065,
      "n": 3425
    },
    "halo": {
      "auc_orig": 0.8076076072124382,
      "auc_resid": 0.6597988388383665,
      "auc_resid_lo": 0.6424613338134024,
      "auc_resid_hi": 0.6817546574377211,
      "retention": 0.5194892294325062,
      "auc_geom": 0.8088223872590735,
      "auc_geom_lo": 0.7935251735871155,
      "auc_geom_hi": 0.8260029963172246,
      "auc_geom_plus": 0.815658373601126,
      "auc_marg": 0.0068359863420525135,
      "auc_marg_lo": -0.014862134449158931,
      "auc_marg_hi": 0.030293689692517903,
      "n": 3425
    },
    "internal": {
      "auc_orig": 0.8177088997497055,
      "auc_resid": 0.6173635848929175,
      "auc_resid_lo": 0.5998719939810225,
      "auc_resid_hi": 0.6399192263612761,
      "retention": 0.36940603484944184,
      "auc_geom": 0.8088223872590735,
      "auc_geom_lo": 0.7938583575389349,
      "auc_geom_hi": 0.8261221545566998,
      "auc_geom_plus": 0.8256862228762583,
      "auc_marg": 0.01686383561718474,
      "auc_marg_lo": -0.003980409172868407,
      "auc_marg_hi": 0.039236812712749286,
      "n": 3425
    }
  }
}