{
  "delta_logmstar": {
    "env": {
      "r2_orig": 0.08300576984852162,
      "r2_resid": 0.030194761244033752,
      "r2_resid_lo": 0.018531617508048336,
      "r2_resid_hi": 0.04357449107511062,
      "retention": 0.36376701642713016,
      "r2_geom": 0.16032609635402986,
      "r2_geom_lo": 0.1343229938876308,
      "r2_geom_hi": 0.18741975823871695,
      "r2_geom_plus": 0.19237689703014663,
      "r2_marg": 0.032050800676116764,
      "r2_marg_lo": -0.008815774502025458,
      "r2_marg_hi": 0.07295902383465927,
      "n": 3425
    },
    "halo": {
      "r2_orig": 0.23489660536968823,
      "r2_resid": 0.1048334740401543,
      "r2_resid_lo": 0.08686090270009036,
      "r2_resid_hi": 0.12911005322522426,
      "retention": 0.4462962496846808,
      "r2_geom": 0.16032609635402986,
      "r2_geom_lo": 0.1332056745040856,
      "r2_geom_hi": 0.18889193517233827,
      "r2_geom_plus": 0.2676638446910191,
      "r2_marg": 0.10733774833698925,
      "r2_marg_lo": 0.06447008945360894,
      "r2_marg_hi": 0.1519926248926217,
      "n": 3425
    },
    "internal": {
      "r2_orig": 0.3075453499486006,
      "r2_resid": 0.15756277007843925,
      "r2_resid_lo": 0.13569106137959766,
      "r2_resid_hi": 0.18448715084208786,
      "retention": 0.5123236950413081,
      "r2_geom": 0.16032609635402986,
      "r2_geom_lo": 0.13411522940353923,
      "r2_geom_hi": 0.18702173664870614,
      "r2_geom_plus": 0.3211295757297566,
      "r2_marg": 0.16080347937572673,
      "r2_marg_lo": 0.12232409190667723,
      "r2_marg_hi": 0.20792352331279867,
      "n": 3425
    }
  },
  "delta_log_msub": {
    "env": {
      "r2_orig": 0.0019620917374126856,
      "r2_resid": -0.002065078672767262,
      "r2_resid_lo": -0.0060284294101160376,
      "r2_resid_hi": 0.0007921989206154692,
      "retention": -1.0524883385373105,
      "r2_geom": 0.021409479958589706,
      "r2_geom_lo": 0.012376213915606227,
      "r2_geom_hi": 0.04193739105750206,
      "r2_geom_plus": 0.020465965892221095,
      "r2_marg": -0.0009435140663686115,
      "r2_marg_lo": -0.021243338085758304,
      "r2_marg_hi": 0.020399479165882098,
      "n": 3425
    },
    "halo": {
      "r2_orig": 0.012562341005522403,
      "r2_resid": 0.008080233976292539,
      "r2_resid_lo": 0.00040687445410991183,
      "r2_resid_hi": 0.01822216704434471,
      "retention": 0.6432108452350139,
      "r2_geom": 0.021409479958589706,
      "r2_geom_lo": 0.012755182165794765,
      "r2_geom_hi": 0.0413922625960437,
      "r2_geom_plus": 0.030225396600344557,
      "r2_marg": 0.00881591664175485,
      "r2_marg_lo": -0.01218482218744091,
      "r2_marg_hi": 0.030852844725132937,
      "n": 3425
    },
    "internal": {
      "r2_orig": 0.012116362901868794,
      "r2_resid": 0.010978713107445892,
      "r2_resid_lo": 0.0014832086869821526,
      "r2_resid_hi": 0.019916866015696293,
      "retention": 0.906106328802067,
      "r2_geom": 0.021409479958589706,
      "r2_geom_lo": 0.012553554620659343,
      "r2_geom_hi": 0.040791364033015004,
      "r2_geom_plus": 0.03313595867104535,
      "r2_marg": 0.011726478712455645,
      "r2_marg_lo": -0.00958865129442622,
      "r2_marg_hi": 0.034462725721707645,
      "n": 3425
    }
  },
  "quenched_z0": {
    "env": {
      "auc_orig": 0.7911236415068761,
      "auc_resid": 0.7771714290615105,
      "auc_resid_lo": 0.76084498984841,
      "auc_resid_hi": 0.7934621693102752,
      "retention": 0.9520746155374122,
      "auc_geom": 0.7969410463453891,
      "auc_geom_lo": 0.7823512312938524,
      "auc_geom_hi": 0.8143830432448639,
      "auc_geom_plus": 0.7973480853988855,
      "auc_marg": 0.00040703905349637193,
      "auc_marg_lo": -0.02161503607375882,
      "auc_marg_hi": 0.025810991584403926,
      "n": 3425
    },
    "halo": {
      "auc_orig": 0.8076076072124382,
      "auc_resid": 0.7388439014530378,
      "auc_resid_lo": 0.7204713959620649,
      "auc_resid_hi": 0.7570779182990447,
      "retention": 0.776456419974324,
      "auc_geom": 0.7969410463453891,
      "auc_geom_lo": 0.7815863930895365,
      "auc_geom_hi": 0.8148385192923258,
      "auc_geom_plus": 0.8109738132533948,
      "auc_marg": 0.0140327669080057,
      "auc_marg_lo": -0.008495184687261126,
      "auc_marg_hi": 0.036525061217430266,
      "n": 3425
    },
    "internal": {
      "auc_orig": 0.8177088997497055,
      "auc_resid": 0.638191591661194,
      "auc_resid_lo": 0.6206622903082615,
      "auc_resid_hi": 0.6579637682188674,
      "retention": 0.4349629228833779,
      "auc_geom": 0.7969410463453891,
      "auc_geom_lo": 0.7823892311482022,
      "auc_geom_hi": 0.8163147589815544,
      "auc_geom_plus": 0.8220810542533691,
      "auc_marg": 0.02514000790797999,
      "auc_marg_lo": 0.0009384581645125903,
      "auc_marg_hi": 0.047873719383379476,
      "n": 3425
    }
  }
}