{
  "env": {
    "env_log_nsubs": {
      "importance": 0.023542036646774726,
      "ci_lo": 0.012688917924641826,
      "ci_hi": 0.03550027405426474
    },
    "env_log_n5mpc": {
      "importance": 0.0006692840160803274,
      "ci_lo": -0.0014772402618143804,
      "ci_hi": 0.003710984787999944
    },
    "env_log_rho_local": {
      "importance": 0.0,
      "ci_lo": 0.0,
      "ci_hi": 0.0
    },
    "env_log_mhalo": {
      "importance": -2.2100377083944523e-18,
      "ci_lo": -9.020562075079397e-17,
      "ci_hi": 8.673617379884035e-17
    }
  },
  "internal": {
    "int_log_mgas": {
      "importance": 0.02649713830120615,
      "ci_lo": 0.016825321804172136,
      "ci_hi": 0.03833392985463936
    },
    "int_log_sfr": {
      "importance": 0.0010213897690296262,
      "ci_lo": -0.0014945874581438964,
      "ci_hi": 0.004484887085754606
    },
    "int_log_ssfr": {
      "importance": 0.0009547102671339229,
      "ci_lo": -0.0013957577052873156,
      "ci_hi": 0.004717253101935715
    },
    "int_metallicity": {
      "importance": 0.0006455981312185103,
      "ci_lo": -0.0014104518037672063,
      "ci_hi": 0.0033215026779992132
    },
    "int_log_rstar": {
      "importance": 2.586093281462673e-05,
      "ci_lo": -0.0015520362114381187,
      "ci_hi": 0.0017330638655384182
    },
    "int_log_mstar": {
      "importance": -0.00016198831504368998,
      "ci_lo": -0.0023695737300914823,
      "ci_hi": 0.0020202723229046688
    }
  },
  "halo": {
    "halo_fstar": {
      "importance": 0.03134122756636803,
      "ci_lo": 0.02082741650977663,
      "ci_hi": 0.04373689011343204
    },
    "halo_log_spin": {
      "importance": 0.006539070857056737,
      "ci_lo": 0.0019535469213691706,
      "ci_hi": 0.01271252558566735
    },
    "halo_veldisp": {
      "importance": 0.005121525183448608,
      "ci_lo": 0.0006897162153197911,
      "ci_hi": 0.011469720218817215
    },
    "halo_log_msub": {
      "importance": -5.065392549852276e-19,
      "ci_lo": -8.326672684688674e-17,
      "ci_hi": 8.326672684688674e-17
    },
    "halo_vmax": {
      "importance": -7.041995421356141e-05,
      "ci_lo": -0.002012601029402565,
      "ci_hi": 0.001532456568806284
    }
  }
}