{
  "env": {
    "env_log_nsubs": {
      "importance": 0.017285875301752837,
      "ci_lo": 0.006247628400772566,
      "ci_hi": 0.03123941941562003
    },
    "env_log_n5mpc": {
      "importance": 0.003914704223887062,
      "ci_lo": -0.001142832207418531,
      "ci_hi": 0.011191037453337523
    },
    "env_log_mhalo": {
      "importance": -2.3852447794681096e-21,
      "ci_lo": -8.869857973103912e-17,
      "ci_hi": 8.847089727481716e-17
    },
    "env_log_rho_local": {
      "importance": -9.020562075079396e-20,
      "ci_lo": 0.0,
      "ci_hi": 0.0
    }
  },
  "internal": {
    "int_log_mgas": {
      "importance": 0.06008850516559145,
      "ci_lo": 0.03885294269936386,
      "ci_hi": 0.0828950593578272
    },
    "int_log_ssfr": {
      "importance": 0.000587477382591661,
      "ci_lo": -0.0015672682016197104,
      "ci_hi": 0.0028427575813284693
    },
    "int_log_mstar": {
      "importance": 0.00046538416053964625,
      "ci_lo": -0.001487915327551168,
      "ci_hi": 0.002616151192285273
    },
    "int_log_sfr": {
      "importance": 0.00045949866765890025,
      "ci_lo": -0.0017034078086271408,
      "ci_hi": 0.002430570723859716
    },
    "int_metallicity": {
      "importance": 0.00014608672229621285,
      "ci_lo": -0.002869666158880435,
      "ci_hi": 0.0032645319461465983
    },
    "int_log_rstar": {
      "importance": 6.551357011619794e-05,
      "ci_lo": -0.0029041332964417524,
      "ci_hi": 0.003367276502121852
    }
  },
  "halo": {
    "halo_fstar": {
      "importance": 0.03262091845080289,
      "ci_lo": 0.01768407228757224,
      "ci_hi": 0.050629322015441076
    },
    "halo_veldisp": {
      "importance": 0.007186629067597577,
      "ci_lo": 8.64954433816713e-05,
      "ci_hi": 0.01712844426824228
    },
    "halo_log_spin": {
      "importance": 0.0039737319578527375,
      "ci_lo": -0.0007972973731866231,
      "ci_hi": 0.01041492039310464
    },
    "halo_vmax": {
      "importance": 0.0006145598517863587,
      "ci_lo": -0.0032504513552387353,
      "ci_hi": 0.005870465601333484
    },
    "halo_log_msub": {
      "importance": 2.2828960943854782e-18,
      "ci_lo": -9.020562075079397e-17,
      "ci_hi": 9.71445146547012e-17
    }
  }
}