{
  "delta_logmstar": {
    "env": {
      "r2_orig": 0.08300576984852162,
      "r2_resid": 0.02216805223996614,
      "r2_resid_lo": 0.01170823519296249,
      "r2_resid_hi": 0.03320138146336723,
      "retention": 0.267066401292596,
      "r2_geom": 0.1826364179755658,
      "r2_geom_lo": 0.15447957090314382,
      "r2_geom_hi": 0.21061230316508572,
      "r2_geom_plus": 0.20585737823338723,
      "r2_marg": 0.023220960257821444,
      "r2_marg_lo": -0.02025473903286462,
      "r2_marg_hi": 0.06365686865668817,
      "n": 3425
    },
    "halo": {
      "r2_orig": 0.23489660536968823,
      "r2_resid": 0.07891120942140198,
      "r2_resid_lo": 0.06318197378604652,
      "r2_resid_hi": 0.09976562374935039,
      "retention": 0.3359401865225291,
      "r2_geom": 0.1826364179755658,
      "r2_geom_lo": 0.15427771027092885,
      "r2_geom_hi": 0.21345450941808802,
      "r2_geom_plus": 0.2637438185270588,
      "r2_marg": 0.08110740055149301,
      "r2_marg_lo": 0.035638718711803734,
      "r2_marg_hi": 0.12595759034258072,
      "n": 3425
    },
    "internal": {
      "r2_orig": 0.3075453499486006,
      "r2_resid": 0.13169663364101938,
      "r2_resid_lo": 0.11243698098929164,
      "r2_resid_hi": 0.15640666603648784,
      "retention": 0.42821858195231877,
      "r2_geom": 0.1826364179755658,
      "r2_geom_lo": 0.15505800704628658,
      "r2_geom_hi": 0.20991002276125692,
      "r2_geom_plus": 0.31759020668727117,
      "r2_marg": 0.13495378871170538,
      "r2_marg_lo": 0.09658103603817006,
      "r2_marg_hi": 0.18348856688184498,
      "n": 3425
    }
  },
  "delta_log_msub": {
    "env": {
      "r2_orig": 0.0019620917374126856,
      "r2_resid": -0.0017558066442737497,
      "r2_resid_lo": -0.0057584772811535,
      "r2_resid_hi": 0.0011793123141196735,
      "retention": -0.894864705250248,
      "r2_geom": 0.020403245252262912,
      "r2_geom_lo": 0.010165504370711608,
      "r2_geom_hi": 0.04017539538579385,
      "r2_geom_plus": 0.019886994519255418,
      "r2_marg": -0.0005162507330074943,
      "r2_marg_lo": -0.021175428903981504,
      "r2_marg_hi": 0.01967841103127905,
      "n": 3425
    },
    "halo": {
      "r2_orig": 0.012562341005522403,
      "r2_resid": 0.005366607086692144,
      "r2_resid_lo": -0.001520325917277258,
      "r2_resid_hi": 0.014776884702140195,
      "retention": 0.42719801065207386,
      "r2_geom": 0.020403245252262912,
      "r2_geom_lo": 0.010215659625398079,
      "r2_geom_hi": 0.03959149017530822,
      "r2_geom_plus": 0.02706064332849136,
      "r2_marg": 0.006657398076228449,
      "r2_marg_lo": -0.014694082301708482,
      "r2_marg_hi": 0.02952313136256038,
      "n": 3425
    },
    "internal": {
      "r2_orig": 0.012116362901868794,
      "r2_resid": 0.009381345953432452,
      "r2_resid_lo": 0.000829443563227773,
      "r2_resid_hi": 0.018830799009221796,
      "retention": 0.7742707963943123,
      "r2_geom": 0.020403245252262912,
      "r2_geom_lo": 0.011025373418716787,
      "r2_geom_hi": 0.03858436351563308,
      "r2_geom_plus": 0.0316804063029841,
      "r2_marg": 0.011277161050721185,
      "r2_marg_lo": -0.011058827876635579,
      "r2_marg_hi": 0.03189960087553601,
      "n": 3425
    }
  },
  "quenched_z0": {
    "env": {
      "auc_orig": 0.7911236415068761,
      "auc_resid": 0.660241812140516,
      "auc_resid_lo": 0.6405818119316107,
      "auc_resid_hi": 0.6815273432464134,
      "retention": 0.5504252808569353,
      "auc_geom": 0.8054346834022666,
      "auc_geom_lo": 0.7904470407559192,
      "auc_geom_hi": 0.8215748415160353,
      "auc_geom_plus": 0.805153273547219,
      "auc_marg": -0.00028140985504765403,
      "auc_marg_lo": -0.02055782268839992,
      "auc_marg_hi": 0.02371613431099441,
      "n": 3425
    },
    "halo": {
      "auc_orig": 0.8076076072124382,
      "auc_resid": 0.6081566521122215,
      "auc_resid_lo": 0.5898502243452475,
      "auc_resid_hi": 0.6301079069064592,
      "retention": 0.35160590822946375,
      "auc_geom": 0.8054346834022666,
      "auc_geom_lo": 0.7890267470618249,
      "auc_geom_hi": 0.8219474138581445,
      "auc_geom_plus": 0.8144914071175036,
      "auc_marg": 0.009056723715236914,
      "auc_marg_lo": -0.012934927246810238,
      "auc_marg_hi": 0.032094167730483576,
      "n": 3425
    },
    "internal": {
      "auc_orig": 0.8177088997497055,
      "auc_resid": 0.6196735069451743,
      "auc_resid_lo": 0.6021392002235246,
      "auc_resid_hi": 0.6411835175193648,
      "retention": 0.3766765962157635,
      "auc_geom": 0.8054346834022666,
      "auc_geom_lo": 0.790710956857474,
      "auc_geom_hi": 0.823341931322639,
      "auc_geom_plus": 0.8245501468486196,
      "auc_marg": 0.019115463446352954,
      "auc_marg_lo": -0.0018615637175632192,
      "auc_marg_hi": 0.04142869191256565,
      "n": 3425
    }
  }
}