{
  "env": {
    "env_log_nsubs": {
      "importance": 0.030636171509891518,
      "ci_lo": 0.01837688847341724,
      "ci_hi": 0.045875109939585844
    },
    "env_log_n5mpc": {
      "importance": 0.002337435081157661,
      "ci_lo": -0.0014490851685515433,
      "ci_hi": 0.007451360181663759
    },
    "env_log_mhalo": {
      "importance": 1.0408340855860843e-20,
      "ci_lo": -8.673617379884035e-17,
      "ci_hi": 8.673617379884035e-17
    },
    "env_log_rho_local": {
      "importance": 0.0,
      "ci_lo": 0.0,
      "ci_hi": 0.0
    }
  },
  "internal": {
    "int_log_mgas": {
      "importance": 0.06753488076633365,
      "ci_lo": 0.04842778732647237,
      "ci_hi": 0.08946094179262087
    },
    "int_log_ssfr": {
      "importance": 0.0005249107116262848,
      "ci_lo": -0.0010401036977613191,
      "ci_hi": 0.0021862878383861768
    },
    "int_log_mstar": {
      "importance": 0.0005225065693867378,
      "ci_lo": -0.0012035295941407523,
      "ci_hi": 0.0025860424351522343
    },
    "int_log_sfr": {
      "importance": 0.00044334403495820395,
      "ci_lo": -0.0012741605299187422,
      "ci_hi": 0.0021535805211440827
    },
    "int_metallicity": {
      "importance": 0.00016387261628509665,
      "ci_lo": -0.0025294997034517592,
      "ci_hi": 0.0030447446915961907
    },
    "int_log_rstar": {
      "importance": 0.00014948452458106535,
      "ci_lo": -0.002506396389287493,
      "ci_hi": 0.003201713553033861
    }
  },
  "halo": {
    "halo_fstar": {
      "importance": 0.014705879007907869,
      "ci_lo": 0.006213955413333482,
      "ci_hi": 0.02557916170561464
    },
    "halo_log_spin": {
      "importance": 0.005731697581220049,
      "ci_lo": 0.0007669066685169135,
      "ci_hi": 0.012077444143657051
    },
    "halo_veldisp": {
      "importance": 0.002687058876109776,
      "ci_lo": -0.0014248366741201198,
      "ci_hi": 0.009094154278359325
    },
    "halo_vmax": {
      "importance": 0.00021358574969900532,
      "ci_lo": -0.0024339561294369322,
      "ci_hi": 0.003515359968482076
    },
    "halo_log_msub": {
      "importance": 2.4216739724636225e-18,
      "ci_lo": -9.020562075079397e-17,
      "ci_hi": 8.508818649666231e-17
    }
  }
}