{
  "delta_logmstar": {
    "env": {
      "r2_orig": 0.08256447879280153,
      "r2_resid": 0.026660270176382374,
      "r2_resid_lo": 0.015251270663349572,
      "r2_resid_hi": 0.03910810458251566,
      "retention": 0.3229024220365669,
      "r2_geom": 0.17005284522133018,
      "r2_geom_lo": 0.1474742746177655,
      "r2_geom_hi": 0.20161038731036293,
      "r2_geom_plus": 0.1984398099942225,
      "r2_marg": 0.02838696477289232,
      "r2_marg_lo": -0.015476212545282399,
      "r2_marg_hi": 0.06709462478267808,
      "n": 3428
    },
    "halo": {
      "r2_orig": 0.23655328443721343,
      "r2_resid": 0.092407905656931,
      "r2_resid_lo": 0.07449743854583472,
      "r2_resid_hi": 0.11279864365159854,
      "retention": 0.39064308862495684,
      "r2_geom": 0.17005284522133018,
      "r2_geom_lo": 0.1425227599571702,
      "r2_geom_hi": 0.20301277510847188,
      "r2_geom_plus": 0.26548938080752665,
      "r2_marg": 0.09543653558619647,
      "r2_marg_lo": 0.05074845765960561,
      "r2_marg_hi": 0.14061846380624407,
      "n": 3428
    },
    "internal": {
      "r2_orig": 0.31032182015516857,
      "r2_resid": 0.14474310101961735,
      "r2_resid_lo": 0.12098854015161464,
      "r2_resid_hi": 0.1680835883430934,
      "retention": 0.4664290153597392,
      "r2_geom": 0.17005284522133018,
      "r2_geom_lo": 0.14573737357798622,
      "r2_geom_hi": 0.20190051451248492,
      "r2_geom_plus": 0.31914180261862357,
      "r2_marg": 0.1490889573972934,
      "r2_marg_lo": 0.10751601348459455,
      "r2_marg_hi": 0.19333841811296826,
      "n": 3428
    }
  },
  "delta_log_msub": {
    "env": {
      "r2_orig": 0.0015439447719532095,
      "r2_resid": -0.0030049347828648544,
      "r2_resid_lo": -0.005803634223482527,
      "r2_resid_hi": 0.00144352671892529,
      "retention": -1.9462709012987425,
      "r2_geom": 0.02091598778164685,
      "r2_geom_lo": 0.012999459342911137,
      "r2_geom_hi": 0.04227328226989115,
      "r2_geom_plus": 0.01933976091621119,
      "r2_marg": -0.0015762268654356572,
      "r2_marg_lo": -0.020665502389460567,
      "r2_marg_hi": 0.019576902001176278,
      "n": 3428
    },
    "halo": {
      "r2_orig": 0.011573286853063424,
      "r2_resid": 0.006348913858077098,
      "r2_resid_lo": -0.0011954179116721317,
      "r2_resid_hi": 0.016063913563681507,
      "retention": 0.5485834697337131,
      "r2_geom": 0.02091598778164685,
      "r2_geom_lo": 0.012950197393101298,
      "r2_geom_hi": 0.042603708770114705,
      "r2_geom_plus": 0.028245016954984582,
      "r2_marg": 0.007329029173337734,
      "r2_marg_lo": -0.014497571178866454,
      "r2_marg_hi": 0.02976142310828248,
      "n": 3428
    },
    "internal": {
      "r2_orig": 0.011005347655894138,
      "r2_resid": 0.007440735711554502,
      "r2_resid_lo": -0.0004563757529929827,
      "r2_resid_hi": 0.017228166234330117,
      "retention": 0.6761018319643419,
      "r2_geom": 0.02091598778164685,
      "r2_geom_lo": 0.011974903184830375,
      "r2_geom_hi": 0.04213429033065011,
      "r2_geom_plus": 0.029494384552679453,
      "r2_marg": 0.008578396771032604,
      "r2_marg_lo": -0.011426654743673317,
      "r2_marg_hi": 0.032814428123197396,
      "n": 3428
    }
  },
  "quenched_z0": {
    "env": {
      "auc_orig": 0.7912111113990751,
      "auc_resid": 0.7731523633372802,
      "auc_resid_lo": 0.755505883207646,
      "auc_resid_hi": 0.789977331464372,
      "retention": 0.9379874346997454,
      "auc_geom": 0.8089635573383653,
      "auc_geom_lo": 0.7941450061969614,
      "auc_geom_hi": 0.826069032218609,
      "auc_geom_plus": 0.8084396451294218,
      "auc_marg": -0.0005239122089435444,
      "auc_marg_lo": -0.02286214697111206,
      "auc_marg_hi": 0.02216935593816865,
      "n": 3428
    },
    "halo": {
      "auc_orig": 0.8077155235222081,
      "auc_resid": 0.6119148240767707,
      "auc_resid_lo": 0.593767350266628,
      "auc_resid_hi": 0.6336503601813057,
      "retention": 0.3636957368798252,
      "auc_geom": 0.8089635573383653,
      "auc_geom_lo": 0.7944009435832482,
      "auc_geom_hi": 0.8251475490397226,
      "auc_geom_plus": 0.8159792108249903,
      "auc_marg": 0.007015653486624918,
      "auc_marg_lo": -0.013617090718111787,
      "auc_marg_hi": 0.029766358237543134,
      "n": 3428
    },
    "internal": {
      "auc_orig": 0.8177885221093835,
      "auc_resid": 0.6166649988814814,
      "auc_resid_lo": 0.5985270717450273,
      "auc_resid_hi": 0.6404947493012121,
      "retention": 0.3671152063866079,
      "auc_geom": 0.8089635573383653,
      "auc_geom_lo": 0.7939697453718016,
      "auc_geom_hi": 0.8260092209699674,
      "auc_geom_plus": 0.8259292050105932,
      "auc_marg": 0.016965647672227857,
      "auc_marg_lo": -0.003587628785152752,
      "auc_marg_hi": 0.04036344427327108,
      "n": 3428
    }
  }
}