region,n,eligible,balanced,insufficient_overlap,n_treated,n_control,n_pairs_kept,caliper_logit,gas_diff_mean,att_growth,att_ci_lo,att_ci_hi,max_abs_smd_before,max_abs_smd_after,mean_abs_smd_after
low_cleaned,3126,True,False,False,1563,1563,1068,0.07519159872294899,0.15854963738373604,0.14167377832677033,0.1255465478932813,0.15959299773759164,2.0258407280711532,0.27454145172951455,0.11747399061644805
original,3336,True,False,False,1668,1668,1377,0.0820760406483212,0.3597482786545653,0.20219401579104046,0.18552392218194322,0.21969064320873852,2.1530053911329956,0.6600610778678699,0.33830999024243835
upper_transition,418,True,False,False,209,209,115,0.05085266720376983,0.35494323398755945,0.0705527512923531,0.029030529312465504,0.11210800668467645,1.4008528601534407,0.2793793408887781,0.13751234032815293
high,357,True,False,False,179,178,81,0.054754698219712905,0.26230093873577354,0.023262636161144868,-0.045002766597418135,0.07996668639006438,1.6115200713501867,0.33988997667158566,0.13352583736634857
